{
  "AC-13": {
    "name": "AC-13",
    "color": [
      0.8,
      0.8,
      0.8,
      1.0
    ],
    "smoothness": 0.0,
    "metallic": 0.0,
    "textures": {},
    "normalScale": 1.0,
    "aoStrength": 1.0,
    "alphaCutoff": 0.5
  },
  "Accent 2": {
    "name": "Accent 2",
    "color": [
      0.12608188,
      1.0,
      0.090196066,
      1.0
    ],
    "smoothness": 0.76,
    "metallic": 0.0,
    "textures": {},
    "emissive": [
      0.28185734,
      2.5635595,
      0.32212266
    ],
    "normalScale": 1.0,
    "aoStrength": 1.0,
    "alphaCutoff": 0.5
  },
  "Accent 3": {
    "name": "Accent 3",
    "color": [
      1.0,
      0.5842311,
      0.090196066,
      1.0
    ],
    "smoothness": 0.76,
    "metallic": 0.0,
    "textures": {},
    "emissive": [
      2.5635588,
      0.6039798,
      0.13421774
    ],
    "normalScale": 1.0,
    "aoStrength": 1.0,
    "alphaCutoff": 0.5
  },
  "Accent 4": {
    "name": "Accent 4",
    "color": [
      0.4532956,
      0.090196066,
      1.0,
      1.0
    ],
    "smoothness": 0.76,
    "metallic": 0.0,
    "textures": {},
    "emissive": [
      0.71086437,
      0.55945885,
      5.0884123
    ],
    "normalScale": 1.0,
    "aoStrength": 1.0,
    "alphaCutoff": 0.5
  },
  "Accent 5": {
    "name": "Accent 5",
    "color": [
      1.0,
      0.99731296,
      0.090196066,
      1.0
    ],
    "smoothness": 0.76,
    "metallic": 0.0,
    "textures": {},
    "emissive": [
      2.563559,
      2.4582741,
      0.13421771
    ],
    "normalScale": 1.0,
    "aoStrength": 1.0,
    "alphaCutoff": 0.5
  },
  "Accent 6": {
    "name": "Accent 6",
    "color": [
      1.0,
      0.0,
      0.20258614,
      1.0
    ],
    "smoothness": 0.76,
    "metallic": 0.0,
    "textures": {},
    "emissive": [
      2.2846885,
      0.0,
      0.02107818
    ],
    "normalScale": 1.0,
    "aoStrength": 1.0,
    "alphaCutoff": 0.5
  },
  "Accent": {
    "name": "Accent",
    "color": [
      0.091949664,
      0.7997082,
      1.0,
      1.0
    ],
    "smoothness": 0.0,
    "metallic": 0.0,
    "textures": {},
    "emissive": [
      0.3254717,
      1.0,
      0.9799811
    ],
    "normalScale": 1.0,
    "aoStrength": 1.0,
    "alphaCutoff": 0.5
  },
  "Afterburner": {
    "name": "Afterburner",
    "color": [
      0.09019607,
      0.94184446,
      1.0,
      0.26666668
    ],
    "smoothness": 0.0,
    "metallic": 0.0,
    "textures": {
      "map": {
        "guid": "269490de66e33a34dad45a50e3d4c168"
      },
      "emissiveMap": {
        "guid": "269490de66e33a34dad45a50e3d4c168"
      }
    },
    "emissive": [
      0.90222764,
      8.648578,
      9.069761
    ],
    "normalScale": 1.0,
    "aoStrength": 1.0,
    "alphaCutoff": 0.5
  },
  "Armor": {
    "name": "Armor",
    "color": [
      0.21698105,
      0.21698105,
      0.21698105,
      1.0
    ],
    "smoothness": 0.324,
    "metallic": 0.0,
    "textures": {},
    "normalScale": 1.0,
    "aoStrength": 1.0,
    "alphaCutoff": 0.5
  },
  "Blade": {
    "name": "Blade",
    "color": [
      0.8,
      0.8,
      0.8,
      1.0
    ],
    "smoothness": 0.0,
    "metallic": 0.0,
    "textures": {},
    "normalScale": 1.0,
    "aoStrength": 1.0,
    "alphaCutoff": 0.5
  },
  "Dropship": {
    "name": "Dropship",
    "color": [
      0.8,
      0.8,
      0.8,
      1.0
    ],
    "smoothness": 0.61,
    "metallic": 0.0,
    "textures": {},
    "normalScale": 1.0,
    "aoStrength": 1.0,
    "alphaCutoff": 0.5
  },
  "Engine": {
    "name": "Engine",
    "color": [
      0.0090181185,
      0.0090181185,
      0.0090181185,
      1.0
    ],
    "smoothness": 0.0,
    "metallic": 0.0,
    "textures": {},
    "normalScale": 1.0,
    "aoStrength": 1.0,
    "alphaCutoff": 0.5
  },
  "Facemask": {
    "name": "Facemask",
    "color": [
      0.12608188,
      1.0,
      0.090196066,
      1.0
    ],
    "smoothness": 0.76,
    "metallic": 0.0,
    "textures": {},
    "emissive": [
      0.03529412,
      0.31764707,
      0.039215688
    ],
    "normalScale": 1.0,
    "aoStrength": 1.0,
    "alphaCutoff": 0.5
  },
  "Floor": {
    "name": "Floor",
    "color": [
      0.07323504,
      0.07323504,
      0.07323504,
      1.0
    ],
    "smoothness": 0.0,
    "metallic": 0.0,
    "textures": {},
    "normalScale": 1.0,
    "aoStrength": 1.0,
    "alphaCutoff": 0.5
  },
  "Gloves": {
    "name": "Gloves",
    "color": [
      0.22658262,
      0.19875565,
      0.16094834,
      1.0
    ],
    "smoothness": 0.0,
    "metallic": 0.0,
    "textures": {},
    "normalScale": 1.0,
    "aoStrength": 1.0,
    "alphaCutoff": 0.5
  },
  "Grenade": {
    "name": "Grenade",
    "color": [
      0.06223654,
      0.087139405,
      0.0482924,
      1.0
    ],
    "smoothness": 0.0,
    "metallic": 0.0,
    "textures": {},
    "normalScale": 1.0,
    "aoStrength": 1.0,
    "alphaCutoff": 0.5
  },
  "Hair": {
    "name": "Hair",
    "color": [
      0.09083726,
      0.05691059,
      0.027001258,
      1.0
    ],
    "smoothness": 0.0,
    "metallic": 0.0,
    "textures": {},
    "normalScale": 1.0,
    "aoStrength": 1.0,
    "alphaCutoff": 0.5
  },
  "Jumpsuit 1": {
    "name": "Jumpsuit 1",
    "color": [
      0.10412953,
      0.18867919,
      0.12113718,
      1.0
    ],
    "smoothness": 0.0,
    "metallic": 0.0,
    "textures": {},
    "normalScale": 1.0,
    "aoStrength": 1.0,
    "alphaCutoff": 0.5
  },
  "Jumpsuit": {
    "name": "Jumpsuit",
    "color": [
      0.0,
      0.0,
      0.0,
      1.0
    ],
    "smoothness": 0.0,
    "metallic": 0.0,
    "textures": {},
    "normalScale": 1.0,
    "aoStrength": 1.0,
    "alphaCutoff": 0.5
  },
  "Laser": {
    "name": "Laser",
    "color": [
      1.0,
      0.23591238,
      0.090196066,
      0.26666668
    ],
    "smoothness": 0.0,
    "metallic": 0.0,
    "textures": {
      "map": {
        "guid": "269490de66e33a34dad45a50e3d4c168"
      },
      "emissiveMap": {
        "guid": "269490de66e33a34dad45a50e3d4c168"
      }
    },
    "emissive": [
      9.069761,
      0.89841974,
      0.89841974
    ],
    "normalScale": 1.0,
    "aoStrength": 1.0,
    "alphaCutoff": 0.5,
    "transparent": true
  },
  "Light": {
    "name": "Light",
    "color": [
      1.0,
      0.0,
      0.0,
      1.0
    ],
    "smoothness": 0.0,
    "metallic": 0.0,
    "textures": {},
    "emissive": [
      4.0,
      0.24528313,
      0.24528313
    ],
    "normalScale": 1.0,
    "aoStrength": 1.0,
    "alphaCutoff": 0.5
  },
  "Machine": {
    "name": "Machine",
    "color": [
      0.06372018,
      0.06372018,
      0.06372018,
      1.0
    ],
    "smoothness": 0.0,
    "metallic": 0.0,
    "textures": {},
    "normalScale": 1.0,
    "aoStrength": 1.0,
    "alphaCutoff": 0.5
  },
  "Material": {
    "name": "Material",
    "color": [
      0.8,
      0.8,
      0.8,
      1.0
    ],
    "smoothness": 0.0,
    "metallic": 0.0,
    "textures": {},
    "normalScale": 1.0,
    "aoStrength": 1.0,
    "alphaCutoff": 0.5
  },
  "Metal": {
    "name": "Metal",
    "color": [
      0.12779847,
      0.13758302,
      0.11173672,
      1.0
    ],
    "smoothness": 0.0,
    "metallic": 0.0,
    "textures": {},
    "normalScale": 1.0,
    "aoStrength": 1.0,
    "alphaCutoff": 0.5
  },
  "Paint 1": {
    "name": "Paint 1",
    "color": [
      0.091949664,
      0.7997082,
      1.0,
      1.0
    ],
    "smoothness": 0.362,
    "metallic": 0.0,
    "textures": {},
    "emissive": [
      0.2797295,
      2.184554,
      2.5442061
    ],
    "normalScale": 1.0,
    "aoStrength": 1.0,
    "alphaCutoff": 0.5
  },
  "Paint 2": {
    "name": "Paint 2",
    "color": [
      0.7254902,
      0.32169423,
      0.15294111,
      1.0
    ],
    "smoothness": 0.362,
    "metallic": 0.0,
    "textures": {},
    "emissive": [
      0.2797295,
      2.184554,
      2.5442061
    ],
    "normalScale": 1.0,
    "aoStrength": 1.0,
    "alphaCutoff": 0.5
  },
  "Paint 3": {
    "name": "Paint 3",